__run_id,__done,run_number,llm,problem_difficulty,problem,prompt_i,power_consumption,cpu_usage
run_403,,r1,GeminiUltra,easy,E-PN,1,,
run_792,,r0,Claude,easy,E-UE,0,,
run_532,,r1,GeminiUltra,medium,M-CS,1,,
run_519,,r0,GeminiUltra,medium,M-CS,0,,
run_928,,r1,Claude,medium,M-GS,1,,
run_79,,r1,GPT-4o,easy,E-UE,1,,
run_826,,r1,Claude,easy,E-UE,1,,
run_83,,r2,GPT-4o,easy,E-UE,2,,
run_569,,r2,GeminiUltra,medium,M-GS,2,,
run_145,,r1,GPT-4o,medium,M-CS,1,,
run_997,,r1,Claude,hard,H-SF,1,,
run_1053,,r0,Claude,hard,H-MN,0,,
run_827,,r2,Claude,easy,E-UE,2,,
run_1011,,r0,Claude,hard,H-SF,0,,
run_609,,r0,GeminiUltra,hard,H-SF,0,,
run_602,,r2,GeminiUltra,hard,H-SF,2,,
run_748,,r1,Claude,easy,E-PN,1,,
run_482,,r2,GeminiUltra,medium,M-CS,2,,
run_370,,r1,GeminiUltra,easy,E-PN,1,,
run_971,,r2,Claude,hard,H-SF,2,,
run_72,,r0,GPT-4o,easy,E-UE,0,,
run_629,,r2,GeminiUltra,hard,H-SF,2,,
run_3,,r0,GPT-4o,easy,E-PN,0,,
run_485,,r2,GeminiUltra,medium,M-CS,2,,
run_696,,r0,GeminiUltra,hard,H-MN,0,,
run_949,,r1,Claude,medium,M-GS,1,,
run_715,,r1,GeminiUltra,hard,H-MN,1,,
run_564,,r0,GeminiUltra,medium,M-GS,0,,
run_234,,r0,GPT-4o,medium,M-GS,0,,
run_1032,,r0,Claude,hard,H-MN,0,,
run_1057,,r1,Claude,hard,H-MN,1,,
run_859,,r1,Claude,medium,M-CS,1,,
run_465,,r0,GeminiUltra,easy,E-UE,0,,
run_346,,r1,GPT-4o,hard,H-MN,1,,
run_880,,r1,Claude,medium,M-CS,1,,
run_502,,r1,GeminiUltra,medium,M-CS,1,,
run_926,,r2,Claude,medium,M-GS,2,,
run_552,,r0,GeminiUltra,medium,M-GS,0,,
run_33,,r0,GPT-4o,easy,E-PN,0,,
run_494,,r2,GeminiUltra,medium,M-CS,2,,
run_716,,r2,GeminiUltra,hard,H-MN,2,,
run_808,,r1,Claude,easy,E-UE,1,,
run_953,,r2,Claude,medium,M-GS,2,,
run_372,,r0,GeminiUltra,easy,E-PN,0,,
run_255,,r0,GPT-4o,hard,H-SF,0,,
run_659,,r2,GeminiUltra,hard,H-SF,2,,
run_261,,r0,GPT-4o,hard,H-SF,0,,
run_354,,r0,GPT-4o,hard,H-MN,0,,
run_943,,r1,Claude,medium,M-GS,1,,
run_154,,r1,GPT-4o,medium,M-CS,1,,
run_1012,,r1,Claude,hard,H-SF,1,,
run_848,,r2,Claude,medium,M-CS,2,,
run_576,,r0,GeminiUltra,medium,M-GS,0,,
run_761,,r2,Claude,easy,E-PN,2,,
run_89,,r2,GPT-4o,easy,E-UE,2,,
run_70,,r1,GPT-4o,easy,E-UE,1,,
run_593,,r2,GeminiUltra,medium,M-GS,2,,
run_862,,r1,Claude,medium,M-CS,1,,
run_328,,r1,GPT-4o,hard,H-MN,1,,
run_912,,r0,Claude,medium,M-GS,0,,
run_61,,r1,GPT-4o,easy,E-UE,1,,
run_771,,r0,Claude,easy,E-PN,0,,
run_1027,,r1,Claude,hard,H-MN,1,,
run_117,,r0,GPT-4o,easy,E-UE,0,,
run_384,,r0,GeminiUltra,easy,E-PN,0,,
run_506,,r2,GeminiUltra,medium,M-CS,2,,
run_171,,r0,GPT-4o,medium,M-CS,0,,
run_196,,r1,GPT-4o,medium,M-GS,1,,
run_734,,r2,Claude,easy,E-PN,2,,
run_41,,r2,GPT-4o,easy,E-PN,2,,
run_398,,r2,GeminiUltra,easy,E-PN,2,,
run_1058,,r2,Claude,hard,H-MN,2,,
run_1028,,r2,Claude,hard,H-MN,2,,
run_938,,r2,Claude,medium,M-GS,2,,
run_169,,r1,GPT-4o,medium,M-CS,1,,
run_331,,r1,GPT-4o,hard,H-MN,1,,
run_907,,r1,Claude,medium,M-GS,1,,
run_228,,r0,GPT-4o,medium,M-GS,0,,
run_77,,r2,GPT-4o,easy,E-UE,2,,
run_333,,r0,GPT-4o,hard,H-MN,0,,
run_710,,r2,GeminiUltra,hard,H-MN,2,,
run_998,,r2,Claude,hard,H-SF,2,,
run_1070,,r2,Claude,hard,H-MN,2,,
run_969,,r0,Claude,hard,H-SF,0,,
run_984,,r0,Claude,hard,H-SF,0,,
run_829,,r1,Claude,easy,E-UE,1,,
run_191,,r2,GPT-4o,medium,M-GS,2,,
run_508,,r1,GeminiUltra,medium,M-CS,1,,
run_584,,r2,GeminiUltra,medium,M-GS,2,,
run_1020,,r0,Claude,hard,H-MN,0,,
run_339,,r0,GPT-4o,hard,H-MN,0,,
run_82,,r1,GPT-4o,easy,E-UE,1,,
run_36,,r0,GPT-4o,easy,E-PN,0,,
run_996,,r0,Claude,hard,H-SF,0,,
run_728,,r2,Claude,easy,E-PN,2,,
run_555,,r0,GeminiUltra,medium,M-GS,0,,
run_188,,r2,GPT-4o,medium,M-GS,2,,
run_513,,r0,GeminiUltra,medium,M-CS,0,,
run_601,,r1,GeminiUltra,hard,H-SF,1,,
run_500,,r2,GeminiUltra,medium,M-CS,2,,
run_582,,r0,GeminiUltra,medium,M-GS,0,,
run_129,,r0,GPT-4o,medium,M-CS,0,,
run_319,,r1,GPT-4o,hard,H-MN,1,,
run_1037,,r2,Claude,hard,H-MN,2,,
run_820,,r1,Claude,easy,E-UE,1,,
run_976,,r1,Claude,hard,H-SF,1,,
run_274,,r1,GPT-4o,hard,H-SF,1,,
run_581,,r2,GeminiUltra,medium,M-GS,2,,
run_259,,r1,GPT-4o,hard,H-SF,1,,
run_393,,r0,GeminiUltra,easy,E-PN,0,,
run_390,,r0,GeminiUltra,easy,E-PN,0,,
run_853,,r1,Claude,medium,M-CS,1,,
run_667,,r1,GeminiUltra,hard,H-MN,1,,
run_917,,r2,Claude,medium,M-GS,2,,
run_265,,r1,GPT-4o,hard,H-SF,1,,
run_431,,r2,GeminiUltra,easy,E-UE,2,,
run_179,,r2,GPT-4o,medium,M-CS,2,,
run_270,,r0,GPT-4o,hard,H-SF,0,,
run_293,,r2,GPT-4o,hard,H-SF,2,,
run_202,,r1,GPT-4o,medium,M-GS,1,,
run_794,,r2,Claude,easy,E-UE,2,,
run_1001,,r2,Claude,hard,H-SF,2,,
run_530,,r2,GeminiUltra,medium,M-CS,2,,
run_528,,r0,GeminiUltra,medium,M-CS,0,,
run_436,,r1,GeminiUltra,easy,E-UE,1,,
run_185,,r2,GPT-4o,medium,M-GS,2,,
run_286,,r1,GPT-4o,hard,H-SF,1,,
run_1039,,r1,Claude,hard,H-MN,1,,
run_742,,r1,Claude,easy,E-PN,1,,
run_772,,r1,Claude,easy,E-PN,1,,
run_499,,r1,GeminiUltra,medium,M-CS,1,,
run_927,,r0,Claude,medium,M-GS,0,,
run_985,,r1,Claude,hard,H-SF,1,,
run_31,,r1,GPT-4o,easy,E-PN,1,,
run_43,,r1,GPT-4o,easy,E-PN,1,,
run_967,,r1,Claude,hard,H-SF,1,,
run_573,,r0,GeminiUltra,medium,M-GS,0,,
run_572,,r2,GeminiUltra,medium,M-GS,2,,
run_547,,r1,GeminiUltra,medium,M-GS,1,,
run_940,,r1,Claude,medium,M-GS,1,,
run_642,,r0,GeminiUltra,hard,H-SF,0,,
run_396,,r0,GeminiUltra,easy,E-PN,0,,
run_357,,r0,GPT-4o,hard,H-MN,0,,
run_1064,,r2,Claude,hard,H-MN,2,,
run_785,,r2,Claude,easy,E-UE,2,,
run_405,,r0,GeminiUltra,easy,E-PN,0,,
run_726,,r0,Claude,easy,E-PN,0,,
run_987,,r0,Claude,hard,H-SF,0,,
run_877,,r1,Claude,medium,M-CS,1,,
run_811,,r1,Claude,easy,E-UE,1,,
run_126,,r0,GPT-4o,medium,M-CS,0,,
run_946,,r1,Claude,medium,M-GS,1,,
run_143,,r2,GPT-4o,medium,M-CS,2,,
run_903,,r0,Claude,medium,M-GS,0,,
run_1052,,r2,Claude,hard,H-MN,2,,
run_291,,r0,GPT-4o,hard,H-SF,0,,
run_2,,r2,GPT-4o,easy,E-PN,2,,
run_458,,r2,GeminiUltra,easy,E-UE,2,,
run_115,,r1,GPT-4o,easy,E-UE,1,,
run_91,,r1,GPT-4o,easy,E-UE,1,,
run_5,,r2,GPT-4o,easy,E-PN,2,,
run_103,,r1,GPT-4o,easy,E-UE,1,,
run_590,,r2,GeminiUltra,medium,M-GS,2,,
run_557,,r2,GeminiUltra,medium,M-GS,2,,
run_457,,r1,GeminiUltra,easy,E-UE,1,,
run_382,,r1,GeminiUltra,easy,E-PN,1,,
run_232,,r1,GPT-4o,medium,M-GS,1,,
run_94,,r1,GPT-4o,easy,E-UE,1,,
run_1014,,r0,Claude,hard,H-SF,0,,
run_849,,r0,Claude,medium,M-CS,0,,
run_347,,r2,GPT-4o,hard,H-MN,2,,
run_173,,r2,GPT-4o,medium,M-CS,2,,
run_934,,r1,Claude,medium,M-GS,1,,
run_611,,r2,GeminiUltra,hard,H-SF,2,,
run_1006,,r1,Claude,hard,H-SF,1,,
run_830,,r2,Claude,easy,E-UE,2,,
run_230,,r2,GPT-4o,medium,M-GS,2,,
run_397,,r1,GeminiUltra,easy,E-PN,1,,
run_192,,r0,GPT-4o,medium,M-GS,0,,
run_148,,r1,GPT-4o,medium,M-CS,1,,
run_489,,r0,GeminiUltra,medium,M-CS,0,,
run_402,,r0,GeminiUltra,easy,E-PN,0,,
run_42,,r0,GPT-4o,easy,E-PN,0,,
run_586,,r1,GeminiUltra,medium,M-GS,1,,
run_643,,r1,GeminiUltra,hard,H-SF,1,,
run_589,,r1,GeminiUltra,medium,M-GS,1,,
run_790,,r1,Claude,easy,E-UE,1,,
run_476,,r2,GeminiUltra,easy,E-UE,2,,
run_959,,r2,Claude,medium,M-GS,2,,
run_363,,r0,GeminiUltra,easy,E-PN,0,,
run_245,,r2,GPT-4o,hard,H-SF,2,,
run_936,,r0,Claude,medium,M-GS,0,,
run_711,,r0,GeminiUltra,hard,H-MN,0,,
run_183,,r0,GPT-4o,medium,M-GS,0,,
run_839,,r2,Claude,easy,E-UE,2,,
run_299,,r2,GPT-4o,hard,H-SF,2,,
run_157,,r1,GPT-4o,medium,M-CS,1,,
run_236,,r2,GPT-4o,medium,M-GS,2,,
run_639,,r0,GeminiUltra,hard,H-SF,0,,
run_833,,r2,Claude,easy,E-UE,2,,
run_579,,r0,GeminiUltra,medium,M-GS,0,,
run_807,,r0,Claude,easy,E-UE,0,,
run_598,,r1,GeminiUltra,medium,M-GS,1,,
run_947,,r2,Claude,medium,M-GS,2,,
run_626,,r2,GeminiUltra,hard,H-SF,2,,
run_362,,r2,GeminiUltra,easy,E-PN,2,,
run_74,,r2,GPT-4o,easy,E-UE,2,,
run_763,,r1,Claude,easy,E-PN,1,,
run_990,,r0,Claude,hard,H-SF,0,,
run_795,,r0,Claude,easy,E-UE,0,,
run_1063,,r1,Claude,hard,H-MN,1,,
run_1033,,r1,Claude,hard,H-MN,1,,
run_538,,r1,GeminiUltra,medium,M-CS,1,,
run_919,,r1,Claude,medium,M-GS,1,,
run_631,,r1,GeminiUltra,hard,H-SF,1,,
run_993,,r0,Claude,hard,H-SF,0,,
run_791,,r2,Claude,easy,E-UE,2,,
run_846,,r0,Claude,medium,M-CS,0,,
run_764,,r2,Claude,easy,E-PN,2,,
run_911,,r2,Claude,medium,M-GS,2,,
run_399,,r0,GeminiUltra,easy,E-PN,0,,
run_359,,r2,GPT-4o,hard,H-MN,2,,
run_22,,r1,GPT-4o,easy,E-PN,1,,
run_834,,r0,Claude,easy,E-UE,0,,
run_721,,r1,Claude,easy,E-PN,1,,
run_787,,r1,Claude,easy,E-UE,1,,
run_177,,r0,GPT-4o,medium,M-CS,0,,
run_591,,r0,GeminiUltra,medium,M-GS,0,,
run_516,,r0,GeminiUltra,medium,M-CS,0,,
run_876,,r0,Claude,medium,M-CS,0,,
run_889,,r1,Claude,medium,M-CS,1,,
run_788,,r2,Claude,easy,E-UE,2,,
run_1048,,r1,Claude,hard,H-MN,1,,
run_276,,r0,GPT-4o,hard,H-SF,0,,
run_142,,r1,GPT-4o,medium,M-CS,1,,
run_881,,r2,Claude,medium,M-CS,2,,
run_605,,r2,GeminiUltra,hard,H-SF,2,,
run_127,,r1,GPT-4o,medium,M-CS,1,,
run_109,,r1,GPT-4o,easy,E-UE,1,,
run_514,,r1,GeminiUltra,medium,M-CS,1,,
run_543,,r0,GeminiUltra,medium,M-GS,0,,
run_603,,r0,GeminiUltra,hard,H-SF,0,,
run_189,,r0,GPT-4o,medium,M-GS,0,,
run_802,,r1,Claude,easy,E-UE,1,,
run_133,,r1,GPT-4o,medium,M-CS,1,,
run_770,,r2,Claude,easy,E-PN,2,,
run_852,,r0,Claude,medium,M-CS,0,,
run_266,,r2,GPT-4o,hard,H-SF,2,,
run_320,,r2,GPT-4o,hard,H-MN,2,,
run_973,,r1,Claude,hard,H-SF,1,,
run_452,,r2,GeminiUltra,easy,E-UE,2,,
run_102,,r0,GPT-4o,easy,E-UE,0,,
run_163,,r1,GPT-4o,medium,M-CS,1,,
run_1073,,r2,Claude,hard,H-MN,2,,
run_134,,r2,GPT-4o,medium,M-CS,2,,
run_634,,r1,GeminiUltra,hard,H-SF,1,,
run_48,,r0,GPT-4o,easy,E-PN,0,,
run_753,,r0,Claude,easy,E-PN,0,,
run_879,,r0,Claude,medium,M-CS,0,,
run_1044,,r0,Claude,hard,H-MN,0,,
run_64,,r1,GPT-4o,easy,E-UE,1,,
run_1068,,r0,Claude,hard,H-MN,0,,
run_32,,r2,GPT-4o,easy,E-PN,2,,
run_854,,r2,Claude,medium,M-CS,2,,
run_731,,r2,Claude,easy,E-PN,2,,
run_467,,r2,GeminiUltra,easy,E-UE,2,,
run_599,,r2,GeminiUltra,medium,M-GS,2,,
run_857,,r2,Claude,medium,M-CS,2,,
run_898,,r1,Claude,medium,M-CS,1,,
run_100,,r1,GPT-4o,easy,E-UE,1,,
run_167,,r2,GPT-4o,medium,M-CS,2,,
run_323,,r2,GPT-4o,hard,H-MN,2,,
run_592,,r1,GeminiUltra,medium,M-GS,1,,
run_842,,r2,Claude,medium,M-CS,2,,
run_213,,r0,GPT-4o,medium,M-GS,0,,
run_520,,r1,GeminiUltra,medium,M-CS,1,,
run_796,,r1,Claude,easy,E-UE,1,,
run_67,,r1,GPT-4o,easy,E-UE,1,,
run_867,,r0,Claude,medium,M-CS,0,,
run_306,,r0,GPT-4o,hard,H-MN,0,,
run_740,,r2,Claude,easy,E-PN,2,,
run_30,,r0,GPT-4o,easy,E-PN,0,,
run_264,,r0,GPT-4o,hard,H-SF,0,,
run_945,,r0,Claude,medium,M-GS,0,,
run_574,,r1,GeminiUltra,medium,M-GS,1,,
run_649,,r1,GeminiUltra,hard,H-SF,1,,
run_473,,r2,GeminiUltra,easy,E-UE,2,,
run_563,,r2,GeminiUltra,medium,M-GS,2,,
run_375,,r0,GeminiUltra,easy,E-PN,0,,
run_1056,,r0,Claude,hard,H-MN,0,,
run_650,,r2,GeminiUltra,hard,H-SF,2,,
run_594,,r0,GeminiUltra,medium,M-GS,0,,
run_534,,r0,GeminiUltra,medium,M-CS,0,,
run_749,,r2,Claude,easy,E-PN,2,,
run_426,,r0,GeminiUltra,easy,E-UE,0,,
run_739,,r1,Claude,easy,E-PN,1,,
run_135,,r0,GPT-4o,medium,M-CS,0,,
run_46,,r1,GPT-4o,easy,E-PN,1,,
run_175,,r1,GPT-4o,medium,M-CS,1,,
run_409,,r1,GeminiUltra,easy,E-PN,1,,
run_766,,r1,Claude,easy,E-PN,1,,
run_750,,r0,Claude,easy,E-PN,0,,
run_330,,r0,GPT-4o,hard,H-MN,0,,
run_1061,,r2,Claude,hard,H-MN,2,,
run_545,,r2,GeminiUltra,medium,M-GS,2,,
run_664,,r1,GeminiUltra,hard,H-MN,1,,
run_786,,r0,Claude,easy,E-UE,0,,
run_1040,,r2,Claude,hard,H-MN,2,,
run_735,,r0,Claude,easy,E-PN,0,,
run_686,,r2,GeminiUltra,hard,H-MN,2,,
run_475,,r1,GeminiUltra,easy,E-UE,1,,
run_59,,r2,GPT-4o,easy,E-PN,2,,
run_656,,r2,GeminiUltra,hard,H-SF,2,,
run_164,,r2,GPT-4o,medium,M-CS,2,,
run_805,,r1,Claude,easy,E-UE,1,,
run_415,,r1,GeminiUltra,easy,E-PN,1,,
run_529,,r1,GeminiUltra,medium,M-CS,1,,
run_282,,r0,GPT-4o,hard,H-SF,0,,
run_491,,r2,GeminiUltra,medium,M-CS,2,,
run_477,,r0,GeminiUltra,easy,E-UE,0,,
run_226,,r1,GPT-4o,medium,M-GS,1,,
run_168,,r0,GPT-4o,medium,M-CS,0,,
run_289,,r1,GPT-4o,hard,H-SF,1,,
run_651,,r0,GeminiUltra,hard,H-SF,0,,
run_1013,,r2,Claude,hard,H-SF,2,,
run_817,,r1,Claude,easy,E-UE,1,,
run_986,,r2,Claude,hard,H-SF,2,,
run_303,,r0,GPT-4o,hard,H-MN,0,,
run_161,,r2,GPT-4o,medium,M-CS,2,,
run_184,,r1,GPT-4o,medium,M-GS,1,,
run_367,,r1,GeminiUltra,easy,E-PN,1,,
run_158,,r2,GPT-4o,medium,M-CS,2,,
run_719,,r2,GeminiUltra,hard,H-MN,2,,
run_254,,r2,GPT-4o,hard,H-SF,2,,
run_550,,r1,GeminiUltra,medium,M-GS,1,,
run_597,,r0,GeminiUltra,medium,M-GS,0,,
run_501,,r0,GeminiUltra,medium,M-CS,0,,
run_95,,r2,GPT-4o,easy,E-UE,2,,
run_916,,r1,Claude,medium,M-GS,1,,
run_344,,r2,GPT-4o,hard,H-MN,2,,
run_782,,r2,Claude,easy,E-UE,2,,
run_635,,r2,GeminiUltra,hard,H-SF,2,,
run_861,,r0,Claude,medium,M-CS,0,,
run_989,,r2,Claude,hard,H-SF,2,,
run_855,,r0,Claude,medium,M-CS,0,,
run_24,,r0,GPT-4o,easy,E-PN,0,,
run_668,,r2,GeminiUltra,hard,H-MN,2,,
run_769,,r1,Claude,easy,E-PN,1,,
run_744,,r0,Claude,easy,E-PN,0,,
run_332,,r2,GPT-4o,hard,H-MN,2,,
run_483,,r0,GeminiUltra,medium,M-CS,0,,
run_73,,r1,GPT-4o,easy,E-UE,1,,
run_418,,r1,GeminiUltra,easy,E-PN,1,,
run_321,,r0,GPT-4o,hard,H-MN,0,,
run_961,,r1,Claude,hard,H-SF,1,,
run_798,,r0,Claude,easy,E-UE,0,,
run_882,,r0,Claude,medium,M-CS,0,,
run_515,,r2,GeminiUltra,medium,M-CS,2,,
run_977,,r2,Claude,hard,H-SF,2,,
run_646,,r1,GeminiUltra,hard,H-SF,1,,
run_722,,r2,Claude,easy,E-PN,2,,
run_1041,,r0,Claude,hard,H-MN,0,,
run_558,,r0,GeminiUltra,medium,M-GS,0,,
run_660,,r0,GeminiUltra,hard,H-MN,0,,
run_845,,r2,Claude,medium,M-CS,2,,
run_929,,r2,Claude,medium,M-GS,2,,
run_891,,r0,Claude,medium,M-CS,0,,
run_725,,r2,Claude,easy,E-PN,2,,
run_681,,r0,GeminiUltra,hard,H-MN,0,,
run_505,,r1,GeminiUltra,medium,M-CS,1,,
run_497,,r2,GeminiUltra,medium,M-CS,2,,
run_1017,,r0,Claude,hard,H-SF,0,,
run_216,,r0,GPT-4o,medium,M-GS,0,,
run_18,,r0,GPT-4o,easy,E-PN,0,,
run_610,,r1,GeminiUltra,hard,H-SF,1,,
run_896,,r2,Claude,medium,M-CS,2,,
run_828,,r0,Claude,easy,E-UE,0,,
run_76,,r1,GPT-4o,easy,E-UE,1,,
run_697,,r1,GeminiUltra,hard,H-MN,1,,
run_783,,r0,Claude,easy,E-UE,0,,
run_860,,r2,Claude,medium,M-CS,2,,
run_355,,r1,GPT-4o,hard,H-MN,1,,
run_238,,r1,GPT-4o,medium,M-GS,1,,
run_337,,r1,GPT-4o,hard,H-MN,1,,
run_66,,r0,GPT-4o,easy,E-UE,0,,
run_14,,r2,GPT-4o,easy,E-PN,2,,
run_865,,r1,Claude,medium,M-CS,1,,
run_1069,,r1,Claude,hard,H-MN,1,,
run_674,,r2,GeminiUltra,hard,H-MN,2,,
run_813,,r0,Claude,easy,E-UE,0,,
run_420,,r0,GeminiUltra,easy,E-UE,0,,
run_644,,r2,GeminiUltra,hard,H-SF,2,,
run_551,,r2,GeminiUltra,medium,M-GS,2,,
run_262,,r1,GPT-4o,hard,H-SF,1,,
run_618,,r0,GeminiUltra,hard,H-SF,0,,
run_923,,r2,Claude,medium,M-GS,2,,
run_824,,r2,Claude,easy,E-UE,2,,
run_913,,r1,Claude,medium,M-GS,1,,
run_745,,r1,Claude,easy,E-PN,1,,
run_575,,r2,GeminiUltra,medium,M-GS,2,,
run_434,,r2,GeminiUltra,easy,E-UE,2,,
run_285,,r0,GPT-4o,hard,H-SF,0,,
run_870,,r0,Claude,medium,M-CS,0,,
run_669,,r0,GeminiUltra,hard,H-MN,0,,
run_294,,r0,GPT-4o,hard,H-SF,0,,
run_317,,r2,GPT-4o,hard,H-MN,2,,
run_847,,r1,Claude,medium,M-CS,1,,
run_688,,r1,GeminiUltra,hard,H-MN,1,,
run_479,,r2,GeminiUltra,easy,E-UE,2,,
run_914,,r2,Claude,medium,M-GS,2,,
run_673,,r1,GeminiUltra,hard,H-MN,1,,
run_17,,r2,GPT-4o,easy,E-PN,2,,
run_138,,r0,GPT-4o,medium,M-CS,0,,
run_60,,r0,GPT-4o,easy,E-UE,0,,
run_209,,r2,GPT-4o,medium,M-GS,2,,
run_51,,r0,GPT-4o,easy,E-PN,0,,
run_498,,r0,GeminiUltra,medium,M-CS,0,,
run_999,,r0,Claude,hard,H-SF,0,,
run_474,,r0,GeminiUltra,easy,E-UE,0,,
run_628,,r1,GeminiUltra,hard,H-SF,1,,
run_1018,,r1,Claude,hard,H-SF,1,,
run_81,,r0,GPT-4o,easy,E-UE,0,,
run_690,,r0,GeminiUltra,hard,H-MN,0,,
run_571,,r1,GeminiUltra,medium,M-GS,1,,
run_931,,r1,Claude,medium,M-GS,1,,
run_310,,r1,GPT-4o,hard,H-MN,1,,
run_435,,r0,GeminiUltra,easy,E-UE,0,,
run_212,,r2,GPT-4o,medium,M-GS,2,,
run_647,,r2,GeminiUltra,hard,H-SF,2,,
run_112,,r1,GPT-4o,easy,E-UE,1,,
run_942,,r0,Claude,medium,M-GS,0,,
run_868,,r1,Claude,medium,M-CS,1,,
run_570,,r0,GeminiUltra,medium,M-GS,0,,
run_160,,r1,GPT-4o,medium,M-CS,1,,
run_309,,r0,GPT-4o,hard,H-MN,0,,
run_518,,r2,GeminiUltra,medium,M-CS,2,,
run_422,,r2,GeminiUltra,easy,E-UE,2,,
run_240,,r0,GPT-4o,hard,H-SF,0,,
run_665,,r2,GeminiUltra,hard,H-MN,2,,
run_118,,r1,GPT-4o,easy,E-UE,1,,
run_343,,r1,GPT-4o,hard,H-MN,1,,
run_707,,r2,GeminiUltra,hard,H-MN,2,,
run_201,,r0,GPT-4o,medium,M-GS,0,,
run_718,,r1,GeminiUltra,hard,H-MN,1,,
run_388,,r1,GeminiUltra,easy,E-PN,1,,
run_425,,r2,GeminiUltra,easy,E-UE,2,,
run_706,,r1,GeminiUltra,hard,H-MN,1,,
run_75,,r0,GPT-4o,easy,E-UE,0,,
run_19,,r1,GPT-4o,easy,E-PN,1,,
run_39,,r0,GPT-4o,easy,E-PN,0,,
run_348,,r0,GPT-4o,hard,H-MN,0,,
run_218,,r2,GPT-4o,medium,M-GS,2,,
run_141,,r0,GPT-4o,medium,M-CS,0,,
run_587,,r2,GeminiUltra,medium,M-GS,2,,
run_400,,r1,GeminiUltra,easy,E-PN,1,,
run_1050,,r0,Claude,hard,H-MN,0,,
run_1072,,r1,Claude,hard,H-MN,1,,
run_975,,r0,Claude,hard,H-SF,0,,
run_268,,r1,GPT-4o,hard,H-SF,1,,
run_613,,r1,GeminiUltra,hard,H-SF,1,,
run_419,,r2,GeminiUltra,easy,E-PN,2,,
run_915,,r0,Claude,medium,M-GS,0,,
run_762,,r0,Claude,easy,E-PN,0,,
run_709,,r1,GeminiUltra,hard,H-MN,1,,
run_687,,r0,GeminiUltra,hard,H-MN,0,,
run_198,,r0,GPT-4o,medium,M-GS,0,,
run_540,,r0,GeminiUltra,medium,M-GS,0,,
run_1067,,r2,Claude,hard,H-MN,2,,
run_324,,r0,GPT-4o,hard,H-MN,0,,
run_0,,r0,GPT-4o,easy,E-PN,0,,
run_812,,r2,Claude,easy,E-UE,2,,
run_685,,r1,GeminiUltra,hard,H-MN,1,,
run_918,,r0,Claude,medium,M-GS,0,,
run_335,,r2,GPT-4o,hard,H-MN,2,,
run_1004,,r2,Claude,hard,H-SF,2,,
run_1045,,r1,Claude,hard,H-MN,1,,
run_776,,r2,Claude,easy,E-PN,2,,
run_56,,r2,GPT-4o,easy,E-PN,2,,
run_979,,r1,Claude,hard,H-SF,1,,
run_408,,r0,GeminiUltra,easy,E-PN,0,,
run_484,,r1,GeminiUltra,medium,M-CS,1,,
run_464,,r2,GeminiUltra,easy,E-UE,2,,
run_174,,r0,GPT-4o,medium,M-CS,0,,
run_172,,r1,GPT-4o,medium,M-CS,1,,
run_225,,r0,GPT-4o,medium,M-GS,0,,
run_401,,r2,GeminiUltra,easy,E-PN,2,,
run_560,,r2,GeminiUltra,medium,M-GS,2,,
run_334,,r1,GPT-4o,hard,H-MN,1,,
run_622,,r1,GeminiUltra,hard,H-SF,1,,
run_224,,r2,GPT-4o,medium,M-GS,2,,
run_966,,r0,Claude,hard,H-SF,0,,
run_374,,r2,GeminiUltra,easy,E-PN,2,,
run_130,,r1,GPT-4o,medium,M-CS,1,,
run_980,,r2,Claude,hard,H-SF,2,,
run_691,,r1,GeminiUltra,hard,H-MN,1,,
run_755,,r2,Claude,easy,E-PN,2,,
run_821,,r2,Claude,easy,E-UE,2,,
run_567,,r0,GeminiUltra,medium,M-GS,0,,
run_712,,r1,GeminiUltra,hard,H-MN,1,,
run_271,,r1,GPT-4o,hard,H-SF,1,,
run_28,,r1,GPT-4o,easy,E-PN,1,,
run_910,,r1,Claude,medium,M-GS,1,,
run_525,,r0,GeminiUltra,medium,M-CS,0,,
run_104,,r2,GPT-4o,easy,E-UE,2,,
run_122,,r2,GPT-4o,medium,M-CS,2,,
run_486,,r0,GeminiUltra,medium,M-CS,0,,
run_527,,r2,GeminiUltra,medium,M-CS,2,,
run_535,,r1,GeminiUltra,medium,M-CS,1,,
run_315,,r0,GPT-4o,hard,H-MN,0,,
run_219,,r0,GPT-4o,medium,M-GS,0,,
run_58,,r1,GPT-4o,easy,E-PN,1,,
run_675,,r0,GeminiUltra,hard,H-MN,0,,
run_730,,r1,Claude,easy,E-PN,1,,
run_537,,r0,GeminiUltra,medium,M-CS,0,,
run_638,,r2,GeminiUltra,hard,H-SF,2,,
run_366,,r0,GeminiUltra,easy,E-PN,0,,
run_1024,,r1,Claude,hard,H-MN,1,,
run_1003,,r1,Claude,hard,H-SF,1,,
run_98,,r2,GPT-4o,easy,E-UE,2,,
run_511,,r1,GeminiUltra,medium,M-CS,1,,
run_841,,r1,Claude,medium,M-CS,1,,
run_747,,r0,Claude,easy,E-PN,0,,
run_578,,r2,GeminiUltra,medium,M-GS,2,,
run_653,,r2,GeminiUltra,hard,H-SF,2,,
run_932,,r2,Claude,medium,M-GS,2,,
run_281,,r2,GPT-4o,hard,H-SF,2,,
run_884,,r2,Claude,medium,M-CS,2,,
run_421,,r1,GeminiUltra,easy,E-UE,1,,
run_559,,r1,GeminiUltra,medium,M-GS,1,,
run_775,,r1,Claude,easy,E-PN,1,,
run_888,,r0,Claude,medium,M-CS,0,,
run_8,,r2,GPT-4o,easy,E-PN,2,,
run_9,,r0,GPT-4o,easy,E-PN,0,,
run_624,,r0,GeminiUltra,hard,H-SF,0,,
run_440,,r2,GeminiUltra,easy,E-UE,2,,
run_1055,,r2,Claude,hard,H-MN,2,,
run_836,,r2,Claude,easy,E-UE,2,,
run_182,,r2,GPT-4o,medium,M-GS,2,,
run_116,,r2,GPT-4o,easy,E-UE,2,,
run_210,,r0,GPT-4o,medium,M-GS,0,,
run_223,,r1,GPT-4o,medium,M-GS,1,,
run_373,,r1,GeminiUltra,easy,E-PN,1,,
run_1059,,r0,Claude,hard,H-MN,0,,
run_65,,r2,GPT-4o,easy,E-UE,2,,
run_1066,,r1,Claude,hard,H-MN,1,,
run_970,,r1,Claude,hard,H-SF,1,,
run_429,,r0,GeminiUltra,easy,E-UE,0,,
run_700,,r1,GeminiUltra,hard,H-MN,1,,
run_195,,r0,GPT-4o,medium,M-GS,0,,
run_380,,r2,GeminiUltra,easy,E-PN,2,,
run_774,,r0,Claude,easy,E-PN,0,,
run_279,,r0,GPT-4o,hard,H-SF,0,,
run_1051,,r1,Claude,hard,H-MN,1,,
run_703,,r1,GeminiUltra,hard,H-MN,1,,
run_554,,r2,GeminiUltra,medium,M-GS,2,,
run_654,,r0,GeminiUltra,hard,H-SF,0,,
run_342,,r0,GPT-4o,hard,H-MN,0,,
run_866,,r2,Claude,medium,M-CS,2,,
run_982,,r1,Claude,hard,H-SF,1,,
run_215,,r2,GPT-4o,medium,M-GS,2,,
run_166,,r1,GPT-4o,medium,M-CS,1,,
run_438,,r0,GeminiUltra,easy,E-UE,0,,
run_205,,r1,GPT-4o,medium,M-GS,1,,
run_810,,r0,Claude,easy,E-UE,0,,
run_444,,r0,GeminiUltra,easy,E-UE,0,,
run_416,,r2,GeminiUltra,easy,E-PN,2,,
run_509,,r2,GeminiUltra,medium,M-CS,2,,
run_170,,r2,GPT-4o,medium,M-CS,2,,
run_47,,r2,GPT-4o,easy,E-PN,2,,
run_221,,r2,GPT-4o,medium,M-GS,2,,
run_645,,r0,GeminiUltra,hard,H-SF,0,,
run_1062,,r0,Claude,hard,H-MN,0,,
run_542,,r2,GeminiUltra,medium,M-GS,2,,
run_663,,r0,GeminiUltra,hard,H-MN,0,,
run_941,,r2,Claude,medium,M-GS,2,,
run_960,,r0,Claude,hard,H-SF,0,,
run_832,,r1,Claude,easy,E-UE,1,,
run_693,,r0,GeminiUltra,hard,H-MN,0,,
run_383,,r2,GeminiUltra,easy,E-PN,2,,
run_244,,r1,GPT-4o,hard,H-SF,1,,
run_13,,r1,GPT-4o,easy,E-PN,1,,
run_617,,r2,GeminiUltra,hard,H-SF,2,,
run_1060,,r1,Claude,hard,H-MN,1,,
run_562,,r1,GeminiUltra,medium,M-GS,1,,
run_389,,r2,GeminiUltra,easy,E-PN,2,,
run_994,,r1,Claude,hard,H-SF,1,,
run_831,,r0,Claude,easy,E-UE,0,,
run_863,,r2,Claude,medium,M-CS,2,,
run_965,,r2,Claude,hard,H-SF,2,,
run_661,,r1,GeminiUltra,hard,H-MN,1,,
run_111,,r0,GPT-4o,easy,E-UE,0,,
run_211,,r1,GPT-4o,medium,M-GS,1,,
run_1079,,r2,Claude,hard,H-MN,2,,
run_119,,r2,GPT-4o,easy,E-UE,2,,
run_935,,r2,Claude,medium,M-GS,2,,
run_521,,r2,GeminiUltra,medium,M-CS,2,,
run_376,,r1,GeminiUltra,easy,E-PN,1,,
run_752,,r2,Claude,easy,E-PN,2,,
run_248,,r2,GPT-4o,hard,H-SF,2,,
run_297,,r0,GPT-4o,hard,H-SF,0,,
run_361,,r1,GeminiUltra,easy,E-PN,1,,
run_296,,r2,GPT-4o,hard,H-SF,2,,
run_1015,,r1,Claude,hard,H-SF,1,,
run_250,,r1,GPT-4o,hard,H-SF,1,,
run_954,,r0,Claude,medium,M-GS,0,,
run_490,,r1,GeminiUltra,medium,M-CS,1,,
run_263,,r2,GPT-4o,hard,H-SF,2,,
run_692,,r2,GeminiUltra,hard,H-MN,2,,
run_823,,r1,Claude,easy,E-UE,1,,
run_121,,r1,GPT-4o,medium,M-CS,1,,
run_553,,r1,GeminiUltra,medium,M-GS,1,,
run_292,,r1,GPT-4o,hard,H-SF,1,,
run_871,,r1,Claude,medium,M-CS,1,,
run_448,,r1,GeminiUltra,easy,E-UE,1,,
run_767,,r2,Claude,easy,E-PN,2,,
run_180,,r0,GPT-4o,medium,M-GS,0,,
run_222,,r0,GPT-4o,medium,M-GS,0,,
run_237,,r0,GPT-4o,medium,M-GS,0,,
run_85,,r1,GPT-4o,easy,E-UE,1,,
run_428,,r2,GeminiUltra,easy,E-UE,2,,
run_424,,r1,GeminiUltra,easy,E-UE,1,,
run_312,,r0,GPT-4o,hard,H-MN,0,,
run_340,,r1,GPT-4o,hard,H-MN,1,,
run_106,,r1,GPT-4o,easy,E-UE,1,,
run_57,,r0,GPT-4o,easy,E-PN,0,,
run_23,,r2,GPT-4o,easy,E-PN,2,,
run_504,,r0,GeminiUltra,medium,M-CS,0,,
run_604,,r1,GeminiUltra,hard,H-SF,1,,
run_864,,r0,Claude,medium,M-CS,0,,
run_583,,r1,GeminiUltra,medium,M-GS,1,,
run_633,,r0,GeminiUltra,hard,H-SF,0,,
run_670,,r1,GeminiUltra,hard,H-MN,1,,
run_566,,r2,GeminiUltra,medium,M-GS,2,,
run_760,,r1,Claude,easy,E-PN,1,,
run_754,,r1,Claude,easy,E-PN,1,,
run_939,,r0,Claude,medium,M-GS,0,,
run_658,,r1,GeminiUltra,hard,H-SF,1,,
run_974,,r2,Claude,hard,H-SF,2,,
run_533,,r2,GeminiUltra,medium,M-CS,2,,
run_1034,,r2,Claude,hard,H-MN,2,,
run_231,,r0,GPT-4o,medium,M-GS,0,,
run_837,,r0,Claude,easy,E-UE,0,,
run_288,,r0,GPT-4o,hard,H-SF,0,,
run_472,,r1,GeminiUltra,easy,E-UE,1,,
run_50,,r2,GPT-4o,easy,E-PN,2,,
run_267,,r0,GPT-4o,hard,H-SF,0,,
run_25,,r1,GPT-4o,easy,E-PN,1,,
run_38,,r2,GPT-4o,easy,E-PN,2,,
run_304,,r1,GPT-4o,hard,H-MN,1,,
run_450,,r0,GeminiUltra,easy,E-UE,0,,
run_269,,r2,GPT-4o,hard,H-SF,2,,
run_1043,,r2,Claude,hard,H-MN,2,,
run_71,,r2,GPT-4o,easy,E-UE,2,,
run_1031,,r2,Claude,hard,H-MN,2,,
run_640,,r1,GeminiUltra,hard,H-SF,1,,
run_381,,r0,GeminiUltra,easy,E-PN,0,,
run_1010,,r2,Claude,hard,H-SF,2,,
run_737,,r2,Claude,easy,E-PN,2,,
run_1042,,r1,Claude,hard,H-MN,1,,
run_10,,r1,GPT-4o,easy,E-PN,1,,
run_1029,,r0,Claude,hard,H-MN,0,,
run_892,,r1,Claude,medium,M-CS,1,,
run_873,,r0,Claude,medium,M-CS,0,,
run_968,,r2,Claude,hard,H-SF,2,,
run_662,,r2,GeminiUltra,hard,H-MN,2,,
run_666,,r0,GeminiUltra,hard,H-MN,0,,
run_1047,,r0,Claude,hard,H-MN,0,,
run_801,,r0,Claude,easy,E-UE,0,,
run_901,,r1,Claude,medium,M-GS,1,,
run_26,,r2,GPT-4o,easy,E-PN,2,,
run_995,,r2,Claude,hard,H-SF,2,,
run_313,,r1,GPT-4o,hard,H-MN,1,,
run_843,,r0,Claude,medium,M-CS,0,,
run_851,,r2,Claude,medium,M-CS,2,,
run_897,,r0,Claude,medium,M-CS,0,,
run_1078,,r1,Claude,hard,H-MN,1,,
run_878,,r2,Claude,medium,M-CS,2,,
run_495,,r0,GeminiUltra,medium,M-CS,0,,
run_150,,r0,GPT-4o,medium,M-CS,0,,
run_468,,r0,GeminiUltra,easy,E-UE,0,,
run_27,,r0,GPT-4o,easy,E-PN,0,,
run_62,,r2,GPT-4o,easy,E-UE,2,,
run_756,,r0,Claude,easy,E-PN,0,,
run_580,,r1,GeminiUltra,medium,M-GS,1,,
run_193,,r1,GPT-4o,medium,M-GS,1,,
run_992,,r2,Claude,hard,H-SF,2,,
run_1065,,r0,Claude,hard,H-MN,0,,
run_423,,r0,GeminiUltra,easy,E-UE,0,,
run_194,,r2,GPT-4o,medium,M-GS,2,,
run_92,,r2,GPT-4o,easy,E-UE,2,,
run_844,,r1,Claude,medium,M-CS,1,,
run_523,,r1,GeminiUltra,medium,M-CS,1,,
run_442,,r1,GeminiUltra,easy,E-UE,1,,
run_369,,r0,GeminiUltra,easy,E-PN,0,,
run_738,,r0,Claude,easy,E-PN,0,,
run_858,,r0,Claude,medium,M-CS,0,,
run_1002,,r0,Claude,hard,H-SF,0,,
run_12,,r0,GPT-4o,easy,E-PN,0,,
run_220,,r1,GPT-4o,medium,M-GS,1,,
run_35,,r2,GPT-4o,easy,E-PN,2,,
run_301,,r1,GPT-4o,hard,H-MN,1,,
run_379,,r1,GeminiUltra,easy,E-PN,1,,
run_1046,,r2,Claude,hard,H-MN,2,,
run_387,,r0,GeminiUltra,easy,E-PN,0,,
run_778,,r1,Claude,easy,E-PN,1,,
run_838,,r1,Claude,easy,E-UE,1,,
run_6,,r0,GPT-4o,easy,E-PN,0,,
run_90,,r0,GPT-4o,easy,E-UE,0,,
run_544,,r1,GeminiUltra,medium,M-GS,1,,
run_125,,r2,GPT-4o,medium,M-CS,2,,
run_203,,r2,GPT-4o,medium,M-GS,2,,
run_522,,r0,GeminiUltra,medium,M-CS,0,,
run_4,,r1,GPT-4o,easy,E-PN,1,,
run_305,,r2,GPT-4o,hard,H-MN,2,,
run_80,,r2,GPT-4o,easy,E-UE,2,,
run_872,,r2,Claude,medium,M-CS,2,,
run_758,,r2,Claude,easy,E-PN,2,,
run_705,,r0,GeminiUltra,hard,H-MN,0,,
run_124,,r1,GPT-4o,medium,M-CS,1,,
run_956,,r2,Claude,medium,M-GS,2,,
run_197,,r2,GPT-4o,medium,M-GS,2,,
run_176,,r2,GPT-4o,medium,M-CS,2,,
run_492,,r0,GeminiUltra,medium,M-CS,0,,
run_364,,r1,GeminiUltra,easy,E-PN,1,,
run_568,,r1,GeminiUltra,medium,M-GS,1,,
run_920,,r2,Claude,medium,M-GS,2,,
run_186,,r0,GPT-4o,medium,M-GS,0,,
run_531,,r0,GeminiUltra,medium,M-CS,0,,
run_371,,r2,GeminiUltra,easy,E-PN,2,,
run_413,,r2,GeminiUltra,easy,E-PN,2,,
run_886,,r1,Claude,medium,M-CS,1,,
run_606,,r0,GeminiUltra,hard,H-SF,0,,
run_1049,,r2,Claude,hard,H-MN,2,,
run_894,,r0,Claude,medium,M-CS,0,,
run_481,,r1,GeminiUltra,medium,M-CS,1,,
run_512,,r2,GeminiUltra,medium,M-CS,2,,
run_765,,r0,Claude,easy,E-PN,0,,
run_69,,r0,GPT-4o,easy,E-UE,0,,
run_190,,r1,GPT-4o,medium,M-GS,1,,
run_326,,r2,GPT-4o,hard,H-MN,2,,
run_623,,r2,GeminiUltra,hard,H-SF,2,,
run_972,,r0,Claude,hard,H-SF,0,,
run_652,,r1,GeminiUltra,hard,H-SF,1,,
run_729,,r0,Claude,easy,E-PN,0,,
run_327,,r0,GPT-4o,hard,H-MN,0,,
run_470,,r2,GeminiUltra,easy,E-UE,2,,
run_469,,r1,GeminiUltra,easy,E-UE,1,,
run_243,,r0,GPT-4o,hard,H-SF,0,,
run_144,,r0,GPT-4o,medium,M-CS,0,,
run_246,,r0,GPT-4o,hard,H-SF,0,,
run_432,,r0,GeminiUltra,easy,E-UE,0,,
run_417,,r0,GeminiUltra,easy,E-PN,0,,
run_883,,r1,Claude,medium,M-CS,1,,
run_704,,r2,GeminiUltra,hard,H-MN,2,,
run_300,,r0,GPT-4o,hard,H-MN,0,,
run_701,,r2,GeminiUltra,hard,H-MN,2,,
run_460,,r1,GeminiUltra,easy,E-UE,1,,
run_360,,r0,GeminiUltra,easy,E-PN,0,,
run_437,,r2,GeminiUltra,easy,E-UE,2,,
run_329,,r2,GPT-4o,hard,H-MN,2,,
run_958,,r1,Claude,medium,M-GS,1,,
run_113,,r2,GPT-4o,easy,E-UE,2,,
run_110,,r2,GPT-4o,easy,E-UE,2,,
run_84,,r0,GPT-4o,easy,E-UE,0,,
run_496,,r1,GeminiUltra,medium,M-CS,1,,
run_600,,r0,GeminiUltra,hard,H-SF,0,,
run_86,,r2,GPT-4o,easy,E-UE,2,,
run_588,,r0,GeminiUltra,medium,M-GS,0,,
run_242,,r2,GPT-4o,hard,H-SF,2,,
run_906,,r0,Claude,medium,M-GS,0,,
run_353,,r2,GPT-4o,hard,H-MN,2,,
run_895,,r1,Claude,medium,M-CS,1,,
run_723,,r0,Claude,easy,E-PN,0,,
run_97,,r1,GPT-4o,easy,E-UE,1,,
run_114,,r0,GPT-4o,easy,E-UE,0,,
run_433,,r1,GeminiUltra,easy,E-UE,1,,
run_290,,r2,GPT-4o,hard,H-SF,2,,
run_546,,r0,GeminiUltra,medium,M-GS,0,,
run_251,,r2,GPT-4o,hard,H-SF,2,,
run_63,,r0,GPT-4o,easy,E-UE,0,,
run_394,,r1,GeminiUltra,easy,E-PN,1,,
run_155,,r2,GPT-4o,medium,M-CS,2,,
run_368,,r2,GeminiUltra,easy,E-PN,2,,
run_815,,r2,Claude,easy,E-UE,2,,
run_1035,,r0,Claude,hard,H-MN,0,,
run_208,,r1,GPT-4o,medium,M-GS,1,,
run_627,,r0,GeminiUltra,hard,H-SF,0,,
run_49,,r1,GPT-4o,easy,E-PN,1,,
run_549,,r0,GeminiUltra,medium,M-GS,0,,
run_414,,r0,GeminiUltra,easy,E-PN,0,,
run_461,,r2,GeminiUltra,easy,E-UE,2,,
run_620,,r2,GeminiUltra,hard,H-SF,2,,
run_199,,r1,GPT-4o,medium,M-GS,1,,
run_948,,r0,Claude,medium,M-GS,0,,
run_204,,r0,GPT-4o,medium,M-GS,0,,
run_727,,r1,Claude,easy,E-PN,1,,
run_733,,r1,Claude,easy,E-PN,1,,
run_773,,r2,Claude,easy,E-PN,2,,
run_466,,r1,GeminiUltra,easy,E-UE,1,,
run_446,,r2,GeminiUltra,easy,E-UE,2,,
run_108,,r0,GPT-4o,easy,E-UE,0,,
run_800,,r2,Claude,easy,E-UE,2,,
run_352,,r1,GPT-4o,hard,H-MN,1,,
run_404,,r2,GeminiUltra,easy,E-PN,2,,
run_78,,r0,GPT-4o,easy,E-UE,0,,
run_856,,r1,Claude,medium,M-CS,1,,
run_720,,r0,Claude,easy,E-PN,0,,
run_952,,r1,Claude,medium,M-GS,1,,
run_577,,r1,GeminiUltra,medium,M-GS,1,,
run_407,,r2,GeminiUltra,easy,E-PN,2,,
run_146,,r2,GPT-4o,medium,M-CS,2,,
run_34,,r1,GPT-4o,easy,E-PN,1,,
run_1005,,r0,Claude,hard,H-SF,0,,
run_445,,r1,GeminiUltra,easy,E-UE,1,,
run_784,,r1,Claude,easy,E-UE,1,,
run_206,,r2,GPT-4o,medium,M-GS,2,,
run_272,,r2,GPT-4o,hard,H-SF,2,,
run_933,,r0,Claude,medium,M-GS,0,,
run_277,,r1,GPT-4o,hard,H-SF,1,,
run_1,,r1,GPT-4o,easy,E-PN,1,,
run_283,,r1,GPT-4o,hard,H-SF,1,,
run_280,,r1,GPT-4o,hard,H-SF,1,,
run_443,,r2,GeminiUltra,easy,E-UE,2,,
run_311,,r2,GPT-4o,hard,H-MN,2,,
run_641,,r2,GeminiUltra,hard,H-SF,2,,
run_963,,r0,Claude,hard,H-SF,0,,
run_249,,r0,GPT-4o,hard,H-SF,0,,
run_893,,r2,Claude,medium,M-CS,2,,
run_21,,r0,GPT-4o,easy,E-PN,0,,
run_699,,r0,GeminiUltra,hard,H-MN,0,,
run_258,,r0,GPT-4o,hard,H-SF,0,,
run_908,,r2,Claude,medium,M-GS,2,,
run_683,,r2,GeminiUltra,hard,H-MN,2,,
run_869,,r2,Claude,medium,M-CS,2,,
run_793,,r1,Claude,easy,E-UE,1,,
run_694,,r1,GeminiUltra,hard,H-MN,1,,
run_147,,r0,GPT-4o,medium,M-CS,0,,
run_386,,r2,GeminiUltra,easy,E-PN,2,,
run_338,,r2,GPT-4o,hard,H-MN,2,,
run_1026,,r0,Claude,hard,H-MN,0,,
run_37,,r1,GPT-4o,easy,E-PN,1,,
run_162,,r0,GPT-4o,medium,M-CS,0,,
run_356,,r2,GPT-4o,hard,H-MN,2,,
run_462,,r0,GeminiUltra,easy,E-UE,0,,
run_614,,r2,GeminiUltra,hard,H-SF,2,,
run_128,,r2,GPT-4o,medium,M-CS,2,,
run_524,,r2,GeminiUltra,medium,M-CS,2,,
run_256,,r1,GPT-4o,hard,H-SF,1,,
run_885,,r0,Claude,medium,M-CS,0,,
run_1054,,r1,Claude,hard,H-MN,1,,
run_159,,r0,GPT-4o,medium,M-CS,0,,
run_671,,r2,GeminiUltra,hard,H-MN,2,,
run_120,,r0,GPT-4o,medium,M-CS,0,,
run_657,,r0,GeminiUltra,hard,H-SF,0,,
run_105,,r0,GPT-4o,easy,E-UE,0,,
run_759,,r0,Claude,easy,E-PN,0,,
run_957,,r0,Claude,medium,M-GS,0,,
run_905,,r2,Claude,medium,M-GS,2,,
run_351,,r0,GPT-4o,hard,H-MN,0,,
run_93,,r0,GPT-4o,easy,E-UE,0,,
run_1030,,r1,Claude,hard,H-MN,1,,
run_630,,r0,GeminiUltra,hard,H-SF,0,,
run_981,,r0,Claude,hard,H-SF,0,,
run_950,,r2,Claude,medium,M-GS,2,,
run_595,,r1,GeminiUltra,medium,M-GS,1,,
run_87,,r0,GPT-4o,easy,E-UE,0,,
run_29,,r2,GPT-4o,easy,E-PN,2,,
run_743,,r2,Claude,easy,E-PN,2,,
run_40,,r1,GPT-4o,easy,E-PN,1,,
run_136,,r1,GPT-4o,medium,M-CS,1,,
run_140,,r2,GPT-4o,medium,M-CS,2,,
run_52,,r1,GPT-4o,easy,E-PN,1,,
run_358,,r1,GPT-4o,hard,H-MN,1,,
run_503,,r2,GeminiUltra,medium,M-CS,2,,
run_1036,,r1,Claude,hard,H-MN,1,,
run_822,,r0,Claude,easy,E-UE,0,,
run_814,,r1,Claude,easy,E-UE,1,,
run_132,,r0,GPT-4o,medium,M-CS,0,,
run_698,,r2,GeminiUltra,hard,H-MN,2,,
run_585,,r0,GeminiUltra,medium,M-GS,0,,
run_15,,r0,GPT-4o,easy,E-PN,0,,
run_427,,r1,GeminiUltra,easy,E-UE,1,,
run_746,,r2,Claude,easy,E-PN,2,,
run_779,,r2,Claude,easy,E-PN,2,,
run_615,,r0,GeminiUltra,hard,H-SF,0,,
run_789,,r0,Claude,easy,E-UE,0,,
run_478,,r1,GeminiUltra,easy,E-UE,1,,
run_689,,r2,GeminiUltra,hard,H-MN,2,,
run_325,,r1,GPT-4o,hard,H-MN,1,,
run_480,,r0,GeminiUltra,medium,M-CS,0,,
run_902,,r2,Claude,medium,M-GS,2,,
run_451,,r1,GeminiUltra,easy,E-UE,1,,
run_924,,r0,Claude,medium,M-GS,0,,
run_937,,r1,Claude,medium,M-GS,1,,
run_1000,,r1,Claude,hard,H-SF,1,,
run_983,,r2,Claude,hard,H-SF,2,,
run_391,,r1,GeminiUltra,easy,E-PN,1,,
run_803,,r2,Claude,easy,E-UE,2,,
run_447,,r0,GeminiUltra,easy,E-UE,0,,
run_252,,r0,GPT-4o,hard,H-SF,0,,
run_1023,,r0,Claude,hard,H-MN,0,,
run_20,,r2,GPT-4o,easy,E-PN,2,,
run_449,,r2,GeminiUltra,easy,E-UE,2,,
run_247,,r1,GPT-4o,hard,H-SF,1,,
run_526,,r1,GeminiUltra,medium,M-CS,1,,
run_679,,r1,GeminiUltra,hard,H-MN,1,,
run_875,,r2,Claude,medium,M-CS,2,,
run_308,,r2,GPT-4o,hard,H-MN,2,,
run_736,,r1,Claude,easy,E-PN,1,,
run_54,,r0,GPT-4o,easy,E-PN,0,,
run_874,,r1,Claude,medium,M-CS,1,,
run_377,,r2,GeminiUltra,easy,E-PN,2,,
run_392,,r2,GeminiUltra,easy,E-PN,2,,
run_612,,r0,GeminiUltra,hard,H-SF,0,,
run_818,,r2,Claude,easy,E-UE,2,,
run_1016,,r2,Claude,hard,H-SF,2,,
run_11,,r2,GPT-4o,easy,E-PN,2,,
run_556,,r1,GeminiUltra,medium,M-GS,1,,
run_471,,r0,GeminiUltra,easy,E-UE,0,,
run_539,,r2,GeminiUltra,medium,M-CS,2,,
run_714,,r0,GeminiUltra,hard,H-MN,0,,
run_921,,r0,Claude,medium,M-GS,0,,
run_678,,r0,GeminiUltra,hard,H-MN,0,,
run_978,,r0,Claude,hard,H-SF,0,,
run_717,,r0,GeminiUltra,hard,H-MN,0,,
run_181,,r1,GPT-4o,medium,M-GS,1,,
run_411,,r0,GeminiUltra,easy,E-PN,0,,
run_241,,r1,GPT-4o,hard,H-SF,1,,
run_991,,r1,Claude,hard,H-SF,1,,
run_278,,r2,GPT-4o,hard,H-SF,2,,
run_214,,r1,GPT-4o,medium,M-GS,1,,
run_187,,r1,GPT-4o,medium,M-GS,1,,
run_322,,r1,GPT-4o,hard,H-MN,1,,
run_1007,,r2,Claude,hard,H-SF,2,,
run_365,,r2,GeminiUltra,easy,E-PN,2,,
run_930,,r0,Claude,medium,M-GS,0,,
run_724,,r1,Claude,easy,E-PN,1,,
run_925,,r1,Claude,medium,M-GS,1,,
run_780,,r0,Claude,easy,E-UE,0,,
run_487,,r1,GeminiUltra,medium,M-CS,1,,
run_1008,,r0,Claude,hard,H-SF,0,,
run_217,,r1,GPT-4o,medium,M-GS,1,,
run_233,,r2,GPT-4o,medium,M-GS,2,,
run_156,,r0,GPT-4o,medium,M-CS,0,,
run_88,,r1,GPT-4o,easy,E-UE,1,,
run_676,,r1,GeminiUltra,hard,H-MN,1,,
run_235,,r1,GPT-4o,medium,M-GS,1,,
run_16,,r1,GPT-4o,easy,E-PN,1,,
run_149,,r2,GPT-4o,medium,M-CS,2,,
run_107,,r2,GPT-4o,easy,E-UE,2,,
run_275,,r2,GPT-4o,hard,H-SF,2,,
run_680,,r2,GeminiUltra,hard,H-MN,2,,
run_799,,r1,Claude,easy,E-UE,1,,
run_548,,r2,GeminiUltra,medium,M-GS,2,,
run_459,,r0,GeminiUltra,easy,E-UE,0,,
run_887,,r2,Claude,medium,M-CS,2,,
run_378,,r0,GeminiUltra,easy,E-PN,0,,
run_273,,r0,GPT-4o,hard,H-SF,0,,
run_608,,r2,GeminiUltra,hard,H-SF,2,,
run_1009,,r1,Claude,hard,H-SF,1,,
run_295,,r1,GPT-4o,hard,H-SF,1,,
run_350,,r2,GPT-4o,hard,H-MN,2,,
run_806,,r2,Claude,easy,E-UE,2,,
run_695,,r2,GeminiUltra,hard,H-MN,2,,
run_456,,r0,GeminiUltra,easy,E-UE,0,,
run_561,,r0,GeminiUltra,medium,M-GS,0,,
run_131,,r2,GPT-4o,medium,M-CS,2,,
run_637,,r1,GeminiUltra,hard,H-SF,1,,
run_682,,r1,GeminiUltra,hard,H-MN,1,,
run_341,,r2,GPT-4o,hard,H-MN,2,,
run_207,,r0,GPT-4o,medium,M-GS,0,,
run_493,,r1,GeminiUltra,medium,M-CS,1,,
run_944,,r2,Claude,medium,M-GS,2,,
run_840,,r0,Claude,medium,M-CS,0,,
run_463,,r1,GeminiUltra,easy,E-UE,1,,
run_777,,r0,Claude,easy,E-PN,0,,
run_1025,,r2,Claude,hard,H-MN,2,,
run_430,,r1,GeminiUltra,easy,E-UE,1,,
run_200,,r2,GPT-4o,medium,M-GS,2,,
run_797,,r2,Claude,easy,E-UE,2,,
run_227,,r2,GPT-4o,medium,M-GS,2,,
run_101,,r2,GPT-4o,easy,E-UE,2,,
run_713,,r2,GeminiUltra,hard,H-MN,2,,
run_139,,r1,GPT-4o,medium,M-CS,1,,
run_395,,r2,GeminiUltra,easy,E-PN,2,,
run_257,,r2,GPT-4o,hard,H-SF,2,,
run_804,,r0,Claude,easy,E-UE,0,,
run_964,,r1,Claude,hard,H-SF,1,,
run_1021,,r1,Claude,hard,H-MN,1,,
run_900,,r0,Claude,medium,M-GS,0,,
run_314,,r2,GPT-4o,hard,H-MN,2,,
run_298,,r1,GPT-4o,hard,H-SF,1,,
run_441,,r0,GeminiUltra,easy,E-UE,0,,
run_318,,r0,GPT-4o,hard,H-MN,0,,
run_510,,r0,GeminiUltra,medium,M-CS,0,,
run_123,,r0,GPT-4o,medium,M-CS,0,,
run_517,,r1,GeminiUltra,medium,M-CS,1,,
run_439,,r1,GeminiUltra,easy,E-UE,1,,
run_287,,r2,GPT-4o,hard,H-SF,2,,
run_850,,r1,Claude,medium,M-CS,1,,
run_619,,r1,GeminiUltra,hard,H-SF,1,,
run_488,,r2,GeminiUltra,medium,M-CS,2,,
run_809,,r2,Claude,easy,E-UE,2,,
run_684,,r0,GeminiUltra,hard,H-MN,0,,
run_962,,r2,Claude,hard,H-SF,2,,
run_454,,r1,GeminiUltra,easy,E-UE,1,,
run_565,,r1,GeminiUltra,medium,M-GS,1,,
run_757,,r1,Claude,easy,E-PN,1,,
run_890,,r2,Claude,medium,M-CS,2,,
run_53,,r2,GPT-4o,easy,E-PN,2,,
run_1074,,r0,Claude,hard,H-MN,0,,
run_1071,,r0,Claude,hard,H-MN,0,,
run_751,,r1,Claude,easy,E-PN,1,,
run_385,,r1,GeminiUltra,easy,E-PN,1,,
run_152,,r2,GPT-4o,medium,M-CS,2,,
run_96,,r0,GPT-4o,easy,E-UE,0,,
run_302,,r2,GPT-4o,hard,H-MN,2,,
run_284,,r2,GPT-4o,hard,H-SF,2,,
run_1077,,r0,Claude,hard,H-MN,0,,
run_781,,r1,Claude,easy,E-UE,1,,
run_455,,r2,GeminiUltra,easy,E-UE,2,,
run_507,,r0,GeminiUltra,medium,M-CS,0,,
run_137,,r2,GPT-4o,medium,M-CS,2,,
run_153,,r0,GPT-4o,medium,M-CS,0,,
run_708,,r0,GeminiUltra,hard,H-MN,0,,
run_239,,r2,GPT-4o,medium,M-GS,2,,
run_621,,r0,GeminiUltra,hard,H-SF,0,,
run_632,,r2,GeminiUltra,hard,H-SF,2,,
run_636,,r0,GeminiUltra,hard,H-SF,0,,
run_988,,r1,Claude,hard,H-SF,1,,
run_648,,r0,GeminiUltra,hard,H-SF,0,,
run_307,,r1,GPT-4o,hard,H-MN,1,,
run_410,,r2,GeminiUltra,easy,E-PN,2,,
run_229,,r1,GPT-4o,medium,M-GS,1,,
run_741,,r0,Claude,easy,E-PN,0,,
run_151,,r1,GPT-4o,medium,M-CS,1,,
run_55,,r1,GPT-4o,easy,E-PN,1,,
run_165,,r0,GPT-4o,medium,M-CS,0,,
run_909,,r0,Claude,medium,M-GS,0,,
run_951,,r0,Claude,medium,M-GS,0,,
run_904,,r1,Claude,medium,M-GS,1,,
run_816,,r0,Claude,easy,E-UE,0,,
run_99,,r0,GPT-4o,easy,E-UE,0,,
run_1076,,r2,Claude,hard,H-MN,2,,
run_835,,r1,Claude,easy,E-UE,1,,
run_178,,r1,GPT-4o,medium,M-CS,1,,
run_68,,r2,GPT-4o,easy,E-UE,2,,
run_702,,r0,GeminiUltra,hard,H-MN,0,,
run_899,,r2,Claude,medium,M-CS,2,,
run_1019,,r2,Claude,hard,H-SF,2,,
run_406,,r1,GeminiUltra,easy,E-PN,1,,
run_677,,r2,GeminiUltra,hard,H-MN,2,,
run_655,,r1,GeminiUltra,hard,H-SF,1,,
run_453,,r0,GeminiUltra,easy,E-UE,0,,
run_625,,r1,GeminiUltra,hard,H-SF,1,,
run_316,,r1,GPT-4o,hard,H-MN,1,,
run_253,,r1,GPT-4o,hard,H-SF,1,,
run_672,,r0,GeminiUltra,hard,H-MN,0,,
run_596,,r2,GeminiUltra,medium,M-GS,2,,
run_922,,r1,Claude,medium,M-GS,1,,
run_349,,r1,GPT-4o,hard,H-MN,1,,
run_1038,,r0,Claude,hard,H-MN,0,,
run_1075,,r1,Claude,hard,H-MN,1,,
run_345,,r0,GPT-4o,hard,H-MN,0,,
run_7,,r1,GPT-4o,easy,E-PN,1,,
run_616,,r1,GeminiUltra,hard,H-SF,1,,
run_541,,r1,GeminiUltra,medium,M-GS,1,,
run_955,,r1,Claude,medium,M-GS,1,,
run_260,,r2,GPT-4o,hard,H-SF,2,,
run_412,,r1,GeminiUltra,easy,E-PN,1,,
run_768,,r0,Claude,easy,E-PN,0,,
run_45,,r0,GPT-4o,easy,E-PN,0,,
run_825,,r0,Claude,easy,E-UE,0,,
run_536,,r2,GeminiUltra,medium,M-CS,2,,
run_44,,r2,GPT-4o,easy,E-PN,2,,
run_732,,r0,Claude,easy,E-PN,0,,
run_336,,r0,GPT-4o,hard,H-MN,0,,
run_819,,r0,Claude,easy,E-UE,0,,
run_607,,r1,GeminiUltra,hard,H-SF,1,,
run_1022,,r2,Claude,hard,H-MN,2,,
